[
    {
        "keyword": "$",
        "rank": 0,
        "rules": 
        [
            {
                "decomp": "(0)",
                "reassembly": 
                [
                    "Please go on.",
                    "I am not sure I understand you fully.",
                    "What does that suggest to you?",
                    "That is interesting. Please continue.",
                    "Tell me more about that.",
                    "Does talking about this bother you?"
                ],
                "last_used_reassembly_rule": 0
            }
        ],
        "_comment": "This is a placeholder keyword to be used when a generic answer is to be given."
    },
    {
        "keyword": "are",
        "rank": 0,
        "rules": 
        [
            {
                "decomp": "(0 ARE YOU 0)",
                "reassembly": 
                [
                    "Do you believe you are 4 ?",
                    "Would you want to be 4 ?",
                    "You wish I would tell you you are 4 ?",
                    "What would it mean if you were 4 ?"
                ],
                "last_used_reassembly_rule": 0
            },
            {
                "decomp": "(0)",
                "reassembly": 
                [
                    "Why do you say 'am'?",
                    "I don't understand that."
                ],
                "last_used_reassembly_rule": 0
            }
        ]
    },
    {
        "keyword": "am",
        "rank": 0,
        "rules": 
        [
            {
                "decomp": "(0 ARE I 0)",
                "reassembly": 
                [
                    "Why are you interested in whether I am 4 or not?",
                    "Would you prefer if I weren't 4 ?",
                    "Do you sometimes think I am 4 ?"
                ],
                "last_used_reassembly_rule": 0
            },
            {
                "decomp": "(0 ARE 0)",
                "reassembly": 
                [
                    "Did you think they might not be 3 ?",
                    "Would you like it if they were not 3 ?",
                    "What if they were not 3 ?",
                    "Possibly they are 3 ."
                ],
                "last_used_reassembly_rule": 0
            }
        ]
    },
    {
        "keyword": "my",
        "rank": 0,
        "rules": 
        [
            {
                "decomp": "(0 MY 0)",
                "reassembly": 
                [
                    "Why are you concerned over my 3 ?",
                    "What about your own 3 ?",
                    "Are you worried about someone else's 3 ?",
                    "Really, my 3 ?"
                ],
                "last_used_reassembly_rule": 0
            }
        ]
    },
    {
        "keyword": "was",
        "rank": 2,
        "rules": 
        [
            {
                "decomp": "(0 WAS YOU 0)",
                "reassembly": 
                [
                    "What if you were 4 ?",
                    "Do you think you were 4 ?",
                    "Were you 4 ?",
                    "What would it mean if you were 4 ?",
                    "What does 4 suggest to you?"
                ],
                "last_used_reassembly_rule": 0
            },
            {
                "decomp": "(0 YOU WAS 0)",
                "reassembly": 
                [
                    "Were you really?",
                    "Why do you tell me you were 4 now?",
                    "Perhaps I already knew you were 4 ."
                ],
                "last_used_reassembly_rule": 0
            },
            {
                "decomp": "(0 WAS I 0)",
                "reassembly": 
                [
                    "Would you like to believe I was 4 ?",
                    "What suggests that I was 4 ?",
                    "What do you think?",
                    "Perhaps I was 4 .",
                    "What if I had been 4 ?"
                ],
                "last_used_reassembly_rule": 0
            }
        ]
    },
    {
        "keyword": "you",
        "rank": 1,
        "rules": 
        [
            {
                "decomp": "(0 YOU @DESIRE 0)",
                "reassembly": 
                [
                    "What would it mean to you if you got 5 ?",
                    "Why do you want 5 ?",
                    "Suppose you got 5 soon.",
                    "What if you never got 5 ?",
                    "What would getting 5 mean to you?",
                    "What does wanting 5 have to do with this discussion?"
                ],
                "last_used_reassembly_rule": 0
            },
            {
                "decomp": "(0 YOU ARE 0 @SAD 0)",
                "reassembly": 
                [
                    "I am sorry to hear that you are 6 .",
                    "Do you think coming here will help you not to be 6 ?",
                    "I'm sure it's not pleasant to be 6 .",
                    "Can you explain what made you 6 ?"
                ],
                "last_used_reassembly_rule": 0
            },
            {
                "decomp": "(0 YOU ARE 0 @HAPPY 0)",
                "reassembly": 
                [
                    "What makes you 6 just now?",
                    "Can you explain why you are 6 ?",
                    "How have I helped you to be 6 ?",
                    "Has your treatment made you 6 ?"
                ],
                "last_used_reassembly_rule": 0
            },
            {
                "decomp": "(0 YOU @BELIEF YOU 0)",
                "reassembly": 
                [
                    "Do you really think so?",
                    "But you are not sure you 6 ?",
                    "Do you really doubt you 6 ?"
                ],
                "last_used_reassembly_rule": 0
            },
            {
                "decomp": "(0 YOU ARE 0)",
                "reassembly": 
                [
                    "Is it because you are 4 that you came to me?",
                    "How long have you been 4 ?",
                    "Do you believe it is normal to be 4 ?",
                    "Do you enjoy being 4 ?"
                ],
                "last_used_reassembly_rule": 0
            },
            {
                "decomp": "(0 YOU CAN'T 0)",
                "reassembly": 
                [
                    "How do you know you can't 4 ?",
                    "Have you tried?",
                    "Perhaps you could 4 now.",
                    "Do you really want to be able to 4 ?"
                ],
                "last_used_reassembly_rule": 0
            },
            {
                "decomp": "(0 YOU DON'T 0)",
                "reassembly": 
                [
                    "Don't you really 4 ?",
                    "Why don't you 4 ?",
                    "Do you wish to be able to 4 ?",
                    "Does that trouble you?"
                ],
                "last_used_reassembly_rule": 0
            },
            {
                "decomp": "(0 YOU FEEL 0)",
                "reassembly": 
                [
                    "Tell me more about such feelings.",
                    "Do you often feel 4 ?",
                    "Do you enjoy feeling 4 ?",
                    "What does feeling 4 remind you of?"
                ],
                "last_used_reassembly_rule": 0
            },
            {
                "decomp": "(0 YOU 0 I 0)",
                "reassembly": 
                [
                    "Do you 3 anyone else?",
                    "Do you wish to 3 me?",
                    "Perhaps in your fantasy we 3 each other.",
                    "You seem to need to 3 me."
                ],
                "last_used_reassembly_rule": 0
            },
            {
                "decomp": "(0)",
                "reassembly": 
                [
                    "You say 1 .",
                    "Can you elaborate on that?",
                    "Do you say 1 for some special reason?",
                    "That's quite interesting."
                ],
                "last_used_reassembly_rule": 0
            }
        ]
    },
    {
        "keyword": "i",
        "rank": 2,
        "rules": 
        [
            {
                "decomp": "(0 I AM 0)",
                "reassembly": 
                [
                    "What makes you think I am 4 ?",
                    "Does it please you to believe I am 4 ?",
                    "Do you sometimes wish you were 4 ?",
                    "Perhaps you would like to be 4 ."
                ],
                "last_used_reassembly_rule": 0
            },
            {
                "decomp": "(0 I 0 YOU)",
                "reassembly": 
                [
                    "Why do you think I 3 you?",
                    "You like to think I 3 you - don't you?",
                    "What makes you think I 3 you?",
                    "Really, I 3 you?",
                    "Do you wish to believe I 3 you?",
                    "Suppose I did 3 you - what would that mean?",
                    "Does someone else believe I 3 you?"
                ],
                "last_used_reassembly_rule": 0
            },
            {
                "decomp": "(0 I 0)",
                "reassembly": 
                [
                    "We were discussing you - not me.",
                    "Oh, I 3 ?",
                    "You're not really talking about me - are you?",
                    "What are your feelings now?"
                ],
                "last_used_reassembly_rule": 0
            }
        ]
    },
    {
        "keyword": "your",
        "rank": 2,
        "rules": 
        [
            {
                "decomp": "(0 YOUR @FAMILY 0 YOU)",
                "reassembly": 
                [
                    "Who else in your family 5 you?",
                    "Your 4 5 you?",
                    "Your 4 ?",
                    "What else comes to mind when you think of your 4 ?"
                ],
                "last_used_reassembly_rule": 0
            },
            {
                "decomp": "(0 YOUR 0 @FAMILY 0)",
                "reassembly": 
                [
                    "Tell me more about your family.",
                    "Your 5 ?",
                    "What else comes to mind when you think of your 5 ?"
                ],
                "last_used_reassembly_rule": 0
            },
            {
                "decomp": "(0 YOUR 0)",
                "reassembly": 
                [
                    "Your 3 ?",
                    "Why do you say your 3 ?",
                    "Does that suggest anything else which belongs to you?",
                    "Is it important to you that 2 3 ?"
                ],
                "last_used_reassembly_rule": 0
            }
        ]
    },
    {
        "keyword": "^",
        "rank": 0,
        "rules": 
        [
            {
                "decomp": "(0 YOUR @FAMILY 0 YOU)",
                "reassembly": 
                [
                    "Earlier you mentioned that your 4 5 you.",
                    "Would you like to discuss your 4 in more detail? Earlier you mentioned that your 4 5 you.",
                    "What else comes to mind when you think of your 4 ?",
                    "Does that have anything to do with the fact that your 4 5 you?",
                    "Tell me more about your family.",
                    "Let's discuss the fact that your 4 5 you further.",
                    "Apart from your 4 , who else is in your family?"
                ],
                "last_used_reassembly_rule": 0
            },
            {
                "decomp": "(0 YOUR 0 @FAMILY 0)",
                "reassembly": 
                [
                    "Does that have anything to do with the fact that your 5 6 ?",
                    "Let's discuss your 5 further.",
                    "Earlier you mentioned your 5 .",
                    "Tell me more about your family.",
                    "Apart from your 5 , who else is in your family?",
                    "Your 5 ?",
                    "What else comes to mind when you think of your 5 ?"
                ],
                "last_used_reassembly_rule": 0
            },
            {
                "decomp": "(0 YOUR 0)",
                "reassembly": 
                [
                    "Does that have anything to do with the fact that your 3 ?",
                    "Let's discuss your 3 further.",
                    "Earlier you mentioned your 3 .",
                    "Do you have any other thoughts on your 3 ?",
                    "What else do you think about your 3 ?"
                ],
                "last_used_reassembly_rule": 0
            }
        ],
        "_comment": "This is a placeholder keyword to be used when a response must be generated for the memory stack."
    },
    {
        "keyword": "can",
        "rank": 0,
        "rules": 
        [
            {
                "decomp": "(0 CAN I 0)",
                "reassembly": 
                [
                    "You believe I can 4 don't you?",
                    "You want me to be able to 4 ?",
                    "Perhaps you would like to 4 yourself."
                ],
                "last_used_reassembly_rule": 0
            },
            {
                "decomp": "(0 CAN YOU 0)",
                "reassembly": 
                [
                    "Whether or not you can 4 depends on you more than on me.",
                    "Do you want to be able to 4 ?",
                    "Perhaps you don't want to 4 ."
                ],
                "last_used_reassembly_rule": 0
            }
        ]
    },
    {
        "keyword": "what",
        "rank": 0,
        "rules": 
        [
            {
                "decomp": "(0)",
                "reassembly": 
                [
                    "Why do you ask?",
                    "Does that question interest you?",
                    "What is it you really want to know?",
                    "Are such questions much on your mind?",
                    "What answer would please you most?",
                    "What do you think?",
                    "What comes to your mind when you ask that?",
                    "Have you asked such question before?",
                    "Have you asked anyone else?"
                ],
                "last_used_reassembly_rule": 0
            }
        ]
    },
    {
        "keyword": "because",
        "rank": 0,
        "rules": 
        [
            {
                "decomp": "(0)",
                "reassembly": 
                [
                    "Is that the real reason?",
                    "Don't any other reasons come to mind?",
                    "Does that reason seem to explain anything else?",
                    "What other reasons might there be?"
                ],
                "last_used_reassembly_rule": 0
            }
        ]
    },
    {
        "keyword": "why",
        "rank": 0,
        "rules": 
        [
            {
                "decomp": "(0 WHY DON'T I 0)",
                "reassembly": 
                [
                    "Do you believe I don't 5 ?",
                    "Perhaps I will 5 in good time.",
                    "Should you 5 yourself?",
                    "You want me to 5 ?"
                ],
                "last_used_reassembly_rule": 0
            },
            {
                "decomp": "(0 WHY CAN'T YOU 0)",
                "reassembly": 
                [
                    "Do you think you should be able to 5 ?",
                    "Do you want to be able to 5 ?",
                    "Do you believe this will help you to 5 ?",
                    "Have you any idea why you can't 5 ?"
                ],
                "last_used_reassembly_rule": 0
            }
        ]
    },
    {
        "keyword": "yes",
        "rank": 0,
        "rules": 
        [
            {
                "decomp": "(0)",
                "reassembly": 
                [
                    "You seem quite positive.",
                    "Are you sure?",
                    "I see.",
                    "I understand.",
                    "You are sure."
                ],
                "last_used_reassembly_rule": 0
            }
        ]
    },
    {
        "keyword": "no",
        "rank": 0,
        "rules": 
        [
            {
                "decomp": "(0)",
                "reassembly": 
                [
                    "Why not?",
                    "Are you saying 'no' just to be  negative?",
                    "Why 'no'?",
                    "You are being a bit negative."
                ],
                "last_used_reassembly_rule": 0
            }
        ]
    },
    {
        "keyword": "sorry",
        "rank": 0,
        "rules": 
        [
            {
                "decomp": "(0)",
                "reassembly": 
                [
                    "Please don't apologize.",
                    "Apologies are not necessary.",
                    "What feelings do you have when you apologize?",
                    "I've told you that apologies are not required."
                ],
                "last_used_reassembly_rule": 0
            }
        ]
    },
    {
        "keyword": "remember",
        "rank": 5,
        "rules": 
        [
            {
                "decomp": "(0 YOU REMEMBER 0)",
                "reassembly": 
                [
                    "Do you often think of 4 ?",
                    "Does thinking of 4 bring anything else to mind?",
                    "What else do you remember?",
                    "Why do you remember 4 just now?",
                    "What in the present situation reminds you of 4 ?",
                    "What is the connection between me and 4 ?",
                    "What else does 4 remind you of?"
                ],
                "last_used_reassembly_rule": 0
            },
            {
                "decomp": "(0 DO I REMEMBER 0)",
                "reassembly":
                [
                    "Did you think I would forget 5 ?",
                    "Why do you think I should recall 5 now?",
                    "What about 5 ?",
                    "You mentioned 5 ."
                ],
                "last_used_reassembly_rule": 0
            },
            {
                "decomp": "(0 I REMEMBER 0)",
                "reassembly":
                [
                    "How could I forget 4 ?",
                    "What about 4 should I remember?"
                ],
                "last_used_reassembly_rule": 0
            }
        ]
    },
    {
        "keyword": "forgot",
        "rank": 5,
        "rules": 
        [
            {
                "decomp": "(0 YOU FORGOT 0)",
                "reassembly": 
                [
                    "Can you think of why you might forget 4 ?",
                    "Why can't you remember 4 ?",
                    "How often do you think of 4 ?",
                    "Does it bother you to forget that?",
                    "Could it be a mental block?",
                    "Are you generally forgetful?",
                    "Do you think you are suppressing 4 ?"
                    
                ],
                "last_used_reassembly_rule": 0
            },
            {
                "decomp": "(0 DID I FORGOT 0)",
                "reassembly": 
                [
                    "Why do you ask?",
                    "Are you sure you told me?",
                    "Would it bother you if I forgot 5 ?",
                    "Why should I recall 5 just now?",
                    "Tell me more about 5 ."
                ],
                "last_used_reassembly_rule": 0
            }
        ]
    },
    {
        "keyword": "everyone",
        "rank": 2,
        "rules": 
        [
            {
                "decomp": "(0 @EVERYONE 0)",
                "reassembly": 
                [
                    "Can you think of anyone in particular?",
                    "Really, 2 ?",
                    "Surely not 2 ?",
                    "Who, for example?",
                    "You are thinking of a very special person?",
                    "Who, may I ask?",
                    "Someone special, perhaps?",
                    "You have a particular person in mind, don't you?",
                    "Who do you think you're talking about?"
                ],
                "last_used_reassembly_rule": 0
            }
        ]
    },
    {
        "keyword": "hi",
        "rank": 0,
        "rules": 
        [
            {
                "decomp": "(HI 0)",
                "reassembly": 
                [
                    "Hi.",
                    "Hello.",
                    "Welcome."
                ],
                "last_used_reassembly_rule": 0
            }
        ]
    },
    {
        "keyword": "always",
        "rank": 1,
        "rules": 
        [
            {
                "decomp": "(0)",
                "reassembly": 
                [
                    "Can you think of a specific example?",
                    "When?",
                    "What incident are you thinking of?",
                    "Really, always?"
                ],
                "last_used_reassembly_rule": 0
            }
        ]
    },
    {
        "keyword": "like",
        "rank": 10,
        "rules": 
        [
            {
                "decomp": "(0 @AM 0 LIKE 0)",
                "reassembly": 
                [
                    "In what way?",
                    "What resemblance do you see?",
                    "What does that similarity suggest to you?",
                    "What other connections do you see?",
                    "What do you suppose that resemblance means?",
                    "What is the connection, do you suppose?",
                    "Could there really be some connection?",
                    "How?"
                ],
                "last_used_reassembly_rule": 0
            }
        ]
    },
    {
        "keyword": "different",
        "rank": 0,
        "rules": 
        [
            {
                "decomp": "(0)",
                "reassembly": 
                [
                    "In what way?",
                    "How is it different?",
                    "What differences do you see?",
                    "What does that difference suggest to you?",
                    "What other distinctions do you see?",
                    "What do you suppose the disparity means?",
                    "How?"
                ],
                "last_used_reassembly_rule": 0
            }
        ]
    },
    {
        "keyword": "if",
        "rank": 3,
        "rules": 
        [
            {
                "decomp": "(0 IF 0)",
                "reassembly": 
                [
                    "Do you think it's likely that 3 ?",
                    "Do you wish that 3 ?",
                    "What do you think about 3 ?",
                    "Really, 2 3 .",
                    "What would you do if 3 ?",
                    "But what are the chances that 3 ?",
                    "What does this speculation lead to?"
                ],
                "last_used_reassembly_rule": 0
            }
        ]
    },
    {
        "keyword": "dreamt",
        "rank": 4,
        "rules": 
        [
            {
                "decomp": "(0 I DREAMT 0)",
                "reassembly": 
                [
                    "Really, 4 ?",
                    "Have you ever fantasized 4 while you were awake?",
                    "Have you ever dreamt 4 before?"
                ],
                "last_used_reassembly_rule": 0
            }
        ]
    },
    {
        "keyword": "dream",
        "rank": 3,
        "rules": 
        [
            {
                "decomp": "(0)",
                "reassembly": 
                [
                    "What does that dream suggest to you?",
                    "Do you dream often?",
                    "What persons appear in your dreams?",
                    "Do you believe that dreams have something to do with your problem?"
                ],
                "last_used_reassembly_rule": 0
            }
        ]
    },
    {
        "keyword": "perhaps",
        "rank": 0,
        "rules": 
        [
            {
                "decomp": "(0)",
                "reassembly": 
                [
                    "You don't seem quite certain.",
                    "Why the uncertain tone?",
                    "Can't you be more positive?",
                    "You aren't sure?",
                    "Don't you know?",
                    "How likely, would you estimate?"
                ],
                "last_used_reassembly_rule": 0
            }
        ]
    },
    {
        "keyword": "name",
        "rank": 15,
        "rules": 
        [
            {
                "decomp": "(0)",
                "reassembly": 
                [
                    "I am not interested in names.",
                    "I've told you before, I don't care about names - please continue."
                ],
                "last_used_reassembly_rule": 0
            }
        ]
    },
    {
        "keyword": "deustch",
        "rank": 0,
        "rules": 
        [
            {
                "decomp": "(0)",
                "reassembly": 
                [
                    "I only speak English.",
                    "I told you before, I don't understand German."
                ],
                "last_used_reassembly_rule": 0
            }
        ]
    },
    {
        "keyword": "francais",
        "rank": 0,
        "rules": 
        [
            {
                "decomp": "(0)",
                "reassembly": 
                [
                    "I only speak English.",
                    "I told you before, I don't understand French."
                ],
                "last_used_reassembly_rule": 0
            }
        ]
    },
    {
        "keyword": "italiano",
        "rank": 0,
        "rules": 
        [
            {
                "decomp": "(0)",
                "reassembly": 
                [
                    "I only speak English.",
                    "I told you before, I don't understand Italian."
                ],
                "last_used_reassembly_rule": 0
            }
        ]
    },
    {
        "keyword": "espanol",
        "rank": 0,
        "rules": 
        [
            {
                "decomp": "(0)",
                "reassembly": 
                [
                    "I only speak English.",
                    "I told you before, I don't understand Spanish."
                ],
                "last_used_reassembly_rule": 0
            }
        ]
    },
    {
        "keyword": "hello",
        "rank": 0,
        "rules": 
        [
            {
                "decomp": "(0)",
                "reassembly": 
                [
                    "Hi. What seems to be your problem?",
                    "How do you do? Please state your problem."
                ],
                "last_used_reassembly_rule": 0
            }
        ]
    },
    {
        "keyword": "computer",
        "rank": 50,
        "rules": 
        [
            {
                "decomp": "(0)",
                "reassembly": 
                [
                    "Do computers worry you?",
                    "Why do you mention computers?",
                    "What do you think machines have to do with your problem?",
                    "Don't you think computers can help people?",
                    "What about machines worries you?",
                    "What do you think about machines?",
                    "You don't think I am a computer program, do you?"
                ],
                "last_used_reassembly_rule": 0
            }
        ]
    }
]